<?xml version="1.0"?>
<DocumentWindowInfoForTab xmlns:xsi="http://www.w3.org/2001/XMLSchema-instance" xmlns:xsd="http://www.w3.org/2001/XMLSchema">
  <All>
    <DocumentWindowInfoForTabElement>
      <Name>[1] 点参数</Name>
      <SaveKey>[XHPointParameter]1</SaveKey>
      <DockingBarState>
        <Key>Document@[XHPointParameter]1</Key>
        <Usable>true</Usable>
        <IsFloating>false</IsFloating>
        <DockingInfo>
          <IsCenter>true</IsCenter>
          <DockingSide>Left</DockingSide>
          <IsAutoHide>false</IsAutoHide>
          <Size>
            <Width>1468</Width>
            <Height>871</Height>
          </Size>
          <LeftIndex>-1</LeftIndex>
          <TopIndex>-1</TopIndex>
          <RightIndex>-1</RightIndex>
          <BottomIndex>-1</BottomIndex>
          <MergeInfo>
            <TabIndex>1</TabIndex>
            <IsTabSelected>false</IsTabSelected>
            <TilePosition />
          </MergeInfo>
        </DockingInfo>
        <FloatingInfo>
          <DockingKey>0</DockingKey>
          <Location>
            <X>0</X>
            <Y>0</Y>
          </Location>
          <Size>
            <Width>624</Width>
            <Height>326</Height>
          </Size>
          <MergeInfo>
            <TabIndex>-1</TabIndex>
            <IsTabSelected>false</IsTabSelected>
            <TilePosition />
          </MergeInfo>
        </FloatingInfo>
      </DockingBarState>
    </DocumentWindowInfoForTabElement>
    <DocumentWindowInfoForTabElement>
      <Name>SH_JOG</Name>
      <SaveKey>[Ladder]SH_JOG</SaveKey>
      <DockingBarState>
        <Key>Document@Ladder-205582352</Key>
        <Usable>true</Usable>
        <IsFloating>false</IsFloating>
        <DockingInfo>
          <IsCenter>true</IsCenter>
          <DockingSide>Left</DockingSide>
          <IsAutoHide>false</IsAutoHide>
          <Size>
            <Width>1468</Width>
            <Height>871</Height>
          </Size>
          <LeftIndex>-1</LeftIndex>
          <TopIndex>-1</TopIndex>
          <RightIndex>-1</RightIndex>
          <BottomIndex>-1</BottomIndex>
          <MergeInfo>
            <TabIndex>7</TabIndex>
            <IsTabSelected>false</IsTabSelected>
            <TilePosition />
          </MergeInfo>
        </DockingInfo>
        <FloatingInfo>
          <DockingKey>0</DockingKey>
          <Location>
            <X>0</X>
            <Y>0</Y>
          </Location>
          <Size>
            <Width>624</Width>
            <Height>326</Height>
          </Size>
          <MergeInfo>
            <TabIndex>-1</TabIndex>
            <IsTabSelected>false</IsTabSelected>
            <TilePosition />
          </MergeInfo>
        </FloatingInfo>
      </DockingBarState>
    </DocumentWindowInfoForTabElement>
    <DocumentWindowInfoForTabElement>
      <Name>XH16_JOG</Name>
      <SaveKey>[Ladder]XH16_JOG</SaveKey>
      <DockingBarState>
        <Key>Document@Ladder-260831680</Key>
        <Usable>true</Usable>
        <IsFloating>false</IsFloating>
        <DockingInfo>
          <IsCenter>true</IsCenter>
          <DockingSide>Left</DockingSide>
          <IsAutoHide>false</IsAutoHide>
          <Size>
            <Width>1468</Width>
            <Height>871</Height>
          </Size>
          <LeftIndex>-1</LeftIndex>
          <TopIndex>-1</TopIndex>
          <RightIndex>-1</RightIndex>
          <BottomIndex>-1</BottomIndex>
          <MergeInfo>
            <TabIndex>5</TabIndex>
            <IsTabSelected>false</IsTabSelected>
            <TilePosition />
          </MergeInfo>
        </DockingInfo>
        <FloatingInfo>
          <DockingKey>0</DockingKey>
          <Location>
            <X>0</X>
            <Y>0</Y>
          </Location>
          <Size>
            <Width>624</Width>
            <Height>326</Height>
          </Size>
          <MergeInfo>
            <TabIndex>-1</TabIndex>
            <IsTabSelected>false</IsTabSelected>
            <TilePosition />
          </MergeInfo>
        </FloatingInfo>
      </DockingBarState>
    </DocumentWindowInfoForTabElement>
    <DocumentWindowInfoForTabElement>
      <Name>SH_REST</Name>
      <SaveKey>[Ladder]SH_REST</SaveKey>
      <DockingBarState>
        <Key>Document@Ladder-263380776</Key>
        <Usable>true</Usable>
        <IsFloating>false</IsFloating>
        <DockingInfo>
          <IsCenter>true</IsCenter>
          <DockingSide>Left</DockingSide>
          <IsAutoHide>false</IsAutoHide>
          <Size>
            <Width>1468</Width>
            <Height>871</Height>
          </Size>
          <LeftIndex>-1</LeftIndex>
          <TopIndex>-1</TopIndex>
          <RightIndex>-1</RightIndex>
          <BottomIndex>-1</BottomIndex>
          <MergeInfo>
            <TabIndex>3</TabIndex>
            <IsTabSelected>false</IsTabSelected>
            <TilePosition />
          </MergeInfo>
        </DockingInfo>
        <FloatingInfo>
          <DockingKey>0</DockingKey>
          <Location>
            <X>0</X>
            <Y>0</Y>
          </Location>
          <Size>
            <Width>624</Width>
            <Height>326</Height>
          </Size>
          <MergeInfo>
            <TabIndex>-1</TabIndex>
            <IsTabSelected>false</IsTabSelected>
            <TilePosition />
          </MergeInfo>
        </FloatingInfo>
      </DockingBarState>
    </DocumentWindowInfoForTabElement>
    <DocumentWindowInfoForTabElement>
      <Name>XH16_REST</Name>
      <SaveKey>[Ladder]XH16_REST</SaveKey>
      <DockingBarState>
        <Key>Document@Ladder-260831704</Key>
        <Usable>true</Usable>
        <IsFloating>false</IsFloating>
        <DockingInfo>
          <IsCenter>true</IsCenter>
          <DockingSide>Left</DockingSide>
          <IsAutoHide>false</IsAutoHide>
          <Size>
            <Width>1468</Width>
            <Height>871</Height>
          </Size>
          <LeftIndex>-1</LeftIndex>
          <TopIndex>-1</TopIndex>
          <RightIndex>-1</RightIndex>
          <BottomIndex>-1</BottomIndex>
          <MergeInfo>
            <TabIndex>4</TabIndex>
            <IsTabSelected>false</IsTabSelected>
            <TilePosition />
          </MergeInfo>
        </DockingInfo>
        <FloatingInfo>
          <DockingKey>0</DockingKey>
          <Location>
            <X>0</X>
            <Y>0</Y>
          </Location>
          <Size>
            <Width>624</Width>
            <Height>326</Height>
          </Size>
          <MergeInfo>
            <TabIndex>-1</TabIndex>
            <IsTabSelected>false</IsTabSelected>
            <TilePosition />
          </MergeInfo>
        </FloatingInfo>
      </DockingBarState>
    </DocumentWindowInfoForTabElement>
    <DocumentWindowInfoForTabElement>
      <Name>SH_STOP</Name>
      <SaveKey>[Ladder]SH_STOP</SaveKey>
      <DockingBarState>
        <Key>Document@Ladder-205315360</Key>
        <Usable>true</Usable>
        <IsFloating>false</IsFloating>
        <DockingInfo>
          <IsCenter>true</IsCenter>
          <DockingSide>Left</DockingSide>
          <IsAutoHide>false</IsAutoHide>
          <Size>
            <Width>1468</Width>
            <Height>871</Height>
          </Size>
          <LeftIndex>-1</LeftIndex>
          <TopIndex>-1</TopIndex>
          <RightIndex>-1</RightIndex>
          <BottomIndex>-1</BottomIndex>
          <MergeInfo>
            <TabIndex>6</TabIndex>
            <IsTabSelected>false</IsTabSelected>
            <TilePosition />
          </MergeInfo>
        </DockingInfo>
        <FloatingInfo>
          <DockingKey>0</DockingKey>
          <Location>
            <X>0</X>
            <Y>0</Y>
          </Location>
          <Size>
            <Width>624</Width>
            <Height>326</Height>
          </Size>
          <MergeInfo>
            <TabIndex>-1</TabIndex>
            <IsTabSelected>false</IsTabSelected>
            <TilePosition />
          </MergeInfo>
        </FloatingInfo>
      </DockingBarState>
    </DocumentWindowInfoForTabElement>
    <DocumentWindowInfoForTabElement>
      <Name>XH16_2Axis_Circle</Name>
      <SaveKey>[Ladder]XH16_2Axis_Circle</SaveKey>
      <DockingBarState>
        <Key>Document@Ladder-261770072</Key>
        <Usable>true</Usable>
        <IsFloating>false</IsFloating>
        <DockingInfo>
          <IsCenter>true</IsCenter>
          <DockingSide>Left</DockingSide>
          <IsAutoHide>false</IsAutoHide>
          <Size>
            <Width>1468</Width>
            <Height>871</Height>
          </Size>
          <LeftIndex>-1</LeftIndex>
          <TopIndex>-1</TopIndex>
          <RightIndex>-1</RightIndex>
          <BottomIndex>-1</BottomIndex>
          <MergeInfo>
            <TabIndex>0</TabIndex>
            <IsTabSelected>false</IsTabSelected>
            <TilePosition />
          </MergeInfo>
        </DockingInfo>
        <FloatingInfo>
          <DockingKey>0</DockingKey>
          <Location>
            <X>0</X>
            <Y>0</Y>
          </Location>
          <Size>
            <Width>624</Width>
            <Height>326</Height>
          </Size>
          <MergeInfo>
            <TabIndex>-1</TabIndex>
            <IsTabSelected>false</IsTabSelected>
            <TilePosition />
          </MergeInfo>
        </FloatingInfo>
      </DockingBarState>
    </DocumentWindowInfoForTabElement>
    <DocumentWindowInfoForTabElement>
      <Name>Main</Name>
      <SaveKey>[Ladder]Main</SaveKey>
      <DockingBarState>
        <Key>Document@Ladder-263826552</Key>
        <Usable>true</Usable>
        <IsFloating>false</IsFloating>
        <DockingInfo>
          <IsCenter>true</IsCenter>
          <DockingSide>Left</DockingSide>
          <IsAutoHide>false</IsAutoHide>
          <Size>
            <Width>1468</Width>
            <Height>871</Height>
          </Size>
          <LeftIndex>-1</LeftIndex>
          <TopIndex>-1</TopIndex>
          <RightIndex>-1</RightIndex>
          <BottomIndex>-1</BottomIndex>
          <MergeInfo>
            <TabIndex>2</TabIndex>
            <IsTabSelected>true</IsTabSelected>
            <TilePosition />
          </MergeInfo>
        </DockingInfo>
        <FloatingInfo>
          <DockingKey>0</DockingKey>
          <Location>
            <X>0</X>
            <Y>0</Y>
          </Location>
          <Size>
            <Width>624</Width>
            <Height>326</Height>
          </Size>
          <MergeInfo>
            <TabIndex>-1</TabIndex>
            <IsTabSelected>false</IsTabSelected>
            <TilePosition />
          </MergeInfo>
        </FloatingInfo>
      </DockingBarState>
    </DocumentWindowInfoForTabElement>
  </All>
</DocumentWindowInfoForTab>