<?xml version="1.0"?>
<DocumentWindowInfoForTab xmlns:xsi="http://www.w3.org/2001/XMLSchema-instance" xmlns:xsd="http://www.w3.org/2001/XMLSchema">
  <All>
    <DocumentWindowInfoForTabElement>
      <Name>SH04PL</Name>
      <SaveKey>[Ladder]SH04PL</SaveKey>
      <DockingBarState>
        <Key>Document@Ladder-186659744</Key>
        <Usable>true</Usable>
        <IsFloating>false</IsFloating>
        <DockingInfo>
          <IsCenter>true</IsCenter>
          <DockingSide>Left</DockingSide>
          <IsAutoHide>false</IsAutoHide>
          <Size>
            <Width>1574</Width>
            <Height>896</Height>
          </Size>
          <LeftIndex>-1</LeftIndex>
          <TopIndex>-1</TopIndex>
          <RightIndex>-1</RightIndex>
          <BottomIndex>-1</BottomIndex>
          <MergeInfo>
            <TabIndex>4</TabIndex>
            <IsTabSelected>false</IsTabSelected>
            <TilePosition />
          </MergeInfo>
        </DockingInfo>
        <FloatingInfo>
          <DockingKey>0</DockingKey>
          <Location>
            <X>0</X>
            <Y>0</Y>
          </Location>
          <Size>
            <Width>624</Width>
            <Height>326</Height>
          </Size>
          <MergeInfo>
            <TabIndex>-1</TabIndex>
            <IsTabSelected>false</IsTabSelected>
            <TilePosition />
          </MergeInfo>
        </FloatingInfo>
      </DockingBarState>
    </DocumentWindowInfoForTabElement>
    <DocumentWindowInfoForTabElement>
      <Name>SH_Home_DINT</Name>
      <SaveKey>[Ladder]SH_Home_DINT</SaveKey>
      <DockingBarState>
        <Key>Document@Ladder-485386712</Key>
        <Usable>true</Usable>
        <IsFloating>false</IsFloating>
        <DockingInfo>
          <IsCenter>true</IsCenter>
          <DockingSide>Left</DockingSide>
          <IsAutoHide>false</IsAutoHide>
          <Size>
            <Width>1574</Width>
            <Height>896</Height>
          </Size>
          <LeftIndex>-1</LeftIndex>
          <TopIndex>-1</TopIndex>
          <RightIndex>-1</RightIndex>
          <BottomIndex>-1</BottomIndex>
          <MergeInfo>
            <TabIndex>3</TabIndex>
            <IsTabSelected>false</IsTabSelected>
            <TilePosition />
          </MergeInfo>
        </DockingInfo>
        <FloatingInfo>
          <DockingKey>0</DockingKey>
          <Location>
            <X>0</X>
            <Y>0</Y>
          </Location>
          <Size>
            <Width>624</Width>
            <Height>326</Height>
          </Size>
          <MergeInfo>
            <TabIndex>-1</TabIndex>
            <IsTabSelected>false</IsTabSelected>
            <TilePosition />
          </MergeInfo>
        </FloatingInfo>
      </DockingBarState>
    </DocumentWindowInfoForTabElement>
    <DocumentWindowInfoForTabElement>
      <Name>SH_MoveAbsolute_DINT</Name>
      <SaveKey>[Ladder]SH_MoveAbsolute_DINT</SaveKey>
      <DockingBarState>
        <Key>Document@Ladder-197622784</Key>
        <Usable>true</Usable>
        <IsFloating>false</IsFloating>
        <DockingInfo>
          <IsCenter>true</IsCenter>
          <DockingSide>Left</DockingSide>
          <IsAutoHide>false</IsAutoHide>
          <Size>
            <Width>1574</Width>
            <Height>896</Height>
          </Size>
          <LeftIndex>-1</LeftIndex>
          <TopIndex>-1</TopIndex>
          <RightIndex>-1</RightIndex>
          <BottomIndex>-1</BottomIndex>
          <MergeInfo>
            <TabIndex>1</TabIndex>
            <IsTabSelected>false</IsTabSelected>
            <TilePosition />
          </MergeInfo>
        </DockingInfo>
        <FloatingInfo>
          <DockingKey>0</DockingKey>
          <Location>
            <X>0</X>
            <Y>0</Y>
          </Location>
          <Size>
            <Width>624</Width>
            <Height>326</Height>
          </Size>
          <MergeInfo>
            <TabIndex>-1</TabIndex>
            <IsTabSelected>false</IsTabSelected>
            <TilePosition />
          </MergeInfo>
        </FloatingInfo>
      </DockingBarState>
    </DocumentWindowInfoForTabElement>
    <DocumentWindowInfoForTabElement>
      <Name>SH_JOG</Name>
      <SaveKey>[Ladder]SH_JOG</SaveKey>
      <DockingBarState>
        <Key>Document@Ladder-485363576</Key>
        <Usable>true</Usable>
        <IsFloating>false</IsFloating>
        <DockingInfo>
          <IsCenter>true</IsCenter>
          <DockingSide>Left</DockingSide>
          <IsAutoHide>false</IsAutoHide>
          <Size>
            <Width>1574</Width>
            <Height>896</Height>
          </Size>
          <LeftIndex>-1</LeftIndex>
          <TopIndex>-1</TopIndex>
          <RightIndex>-1</RightIndex>
          <BottomIndex>-1</BottomIndex>
          <MergeInfo>
            <TabIndex>2</TabIndex>
            <IsTabSelected>false</IsTabSelected>
            <TilePosition />
          </MergeInfo>
        </DockingInfo>
        <FloatingInfo>
          <DockingKey>0</DockingKey>
          <Location>
            <X>0</X>
            <Y>0</Y>
          </Location>
          <Size>
            <Width>624</Width>
            <Height>326</Height>
          </Size>
          <MergeInfo>
            <TabIndex>-1</TabIndex>
            <IsTabSelected>false</IsTabSelected>
            <TilePosition />
          </MergeInfo>
        </FloatingInfo>
      </DockingBarState>
    </DocumentWindowInfoForTabElement>
    <DocumentWindowInfoForTabElement>
      <Name>Main</Name>
      <SaveKey>[Ladder]Main</SaveKey>
      <DockingBarState>
        <Key>Document@Ladder-139965400</Key>
        <Usable>true</Usable>
        <IsFloating>false</IsFloating>
        <DockingInfo>
          <IsCenter>true</IsCenter>
          <DockingSide>Left</DockingSide>
          <IsAutoHide>false</IsAutoHide>
          <Size>
            <Width>1574</Width>
            <Height>896</Height>
          </Size>
          <LeftIndex>-1</LeftIndex>
          <TopIndex>-1</TopIndex>
          <RightIndex>-1</RightIndex>
          <BottomIndex>-1</BottomIndex>
          <MergeInfo>
            <TabIndex>0</TabIndex>
            <IsTabSelected>true</IsTabSelected>
            <TilePosition />
          </MergeInfo>
        </DockingInfo>
        <FloatingInfo>
          <DockingKey>0</DockingKey>
          <Location>
            <X>0</X>
            <Y>0</Y>
          </Location>
          <Size>
            <Width>624</Width>
            <Height>326</Height>
          </Size>
          <MergeInfo>
            <TabIndex>-1</TabIndex>
            <IsTabSelected>false</IsTabSelected>
            <TilePosition />
          </MergeInfo>
        </FloatingInfo>
      </DockingBarState>
    </DocumentWindowInfoForTabElement>
  </All>
</DocumentWindowInfoForTab>