<?xml version="1.0" encoding="UTF-8"?>
<Root>
	<Expanded>0</Expanded>
	<Child>
		<value.first>单元配置</value.first>
		<value.second>
			<Expanded>1</Expanded>
			<Child>
				<value.first>[0]  KV-7500</value.first>
				<value.second>
					<Expanded>0</Expanded>
					<Child>
						<value.first>EtherNet/IP   R90000  DM10000</value.first>
						<value.second>
							<Expanded>0</Expanded>
						</value.second>
					</Child>
				</value.second>
			</Child>
			<Child>
				<value.first>[1]  KV-SIR32XT  R5000/R5200 -----</value.first>
				<value.second>
					<Expanded>0</Expanded>
				</value.second>
			</Child>
			<Child>
				<value.first>[2]  KV-XH16ML   R20000  DM12000 [预留]</value.first>
				<value.second>
					<Expanded>0</Expanded>
					<Child>
						<value.first>SV2 设定</value.first>
						<value.second>
							<Expanded>0</Expanded>
						</value.second>
					</Child>
					<Child>
						<value.first>单元程序</value.first>
						<value.second>
							<Expanded>0</Expanded>
						</value.second>
					</Child>
					<Child>
						<value.first>单元通用设定</value.first>
						<value.second>
							<Expanded>0</Expanded>
						</value.second>
					</Child>
					<Child>
						<value.first>同步控制设定</value.first>
						<value.second>
							<Expanded>0</Expanded>
							<Child>
								<value.first>凸轮设定</value.first>
								<value.second>
									<Expanded>0</Expanded>
									<Child>
										<value.first>分辨率设定</value.first>
										<value.second>
											<Expanded>0</Expanded>
										</value.second>
									</Child>
								</value.second>
							</Child>
							<Child>
								<value.first>同步参数</value.first>
								<value.second>
									<Expanded>0</Expanded>
									<Child>
										<value.first>轴1:</value.first>
										<value.second>
											<Expanded>0</Expanded>
										</value.second>
									</Child>
									<Child>
										<value.first>轴2:</value.first>
										<value.second>
											<Expanded>0</Expanded>
										</value.second>
									</Child>
								</value.second>
							</Child>
							<Child>
								<value.first>接点输出设定</value.first>
								<value.second>
									<Expanded>0</Expanded>
								</value.second>
							</Child>
						</value.second>
					</Child>
					<Child>
						<value.first>点参数</value.first>
						<value.second>
							<Expanded>0</Expanded>
						</value.second>
					</Child>
					<Child>
						<value.first>轴控制设定</value.first>
						<value.second>
							<Expanded>0</Expanded>
						</value.second>
					</Child>
					<Child>
						<value.first>轴构成设定</value.first>
						<value.second>
							<Expanded>0</Expanded>
						</value.second>
					</Child>
					<Child>
						<value.first>选项设定</value.first>
						<value.second>
							<Expanded>0</Expanded>
						</value.second>
					</Child>
				</value.second>
			</Child>
			<Child>
				<value.first>[3]  KV-XH04ML   R40000  DM14000 [预留]</value.first>
				<value.second>
					<Expanded>0</Expanded>
					<Child>
						<value.first>SV2 设定</value.first>
						<value.second>
							<Expanded>0</Expanded>
						</value.second>
					</Child>
					<Child>
						<value.first>单元程序</value.first>
						<value.second>
							<Expanded>0</Expanded>
						</value.second>
					</Child>
					<Child>
						<value.first>单元通用设定</value.first>
						<value.second>
							<Expanded>0</Expanded>
						</value.second>
					</Child>
					<Child>
						<value.first>同步控制设定</value.first>
						<value.second>
							<Expanded>0</Expanded>
							<Child>
								<value.first>凸轮设定</value.first>
								<value.second>
									<Expanded>0</Expanded>
									<Child>
										<value.first>分辨率设定</value.first>
										<value.second>
											<Expanded>0</Expanded>
										</value.second>
									</Child>
								</value.second>
							</Child>
							<Child>
								<value.first>同步参数</value.first>
								<value.second>
									<Expanded>0</Expanded>
									<Child>
										<value.first>轴1:</value.first>
										<value.second>
											<Expanded>0</Expanded>
										</value.second>
									</Child>
									<Child>
										<value.first>轴2:</value.first>
										<value.second>
											<Expanded>0</Expanded>
										</value.second>
									</Child>
								</value.second>
							</Child>
							<Child>
								<value.first>接点输出设定</value.first>
								<value.second>
									<Expanded>0</Expanded>
								</value.second>
							</Child>
						</value.second>
					</Child>
					<Child>
						<value.first>点参数</value.first>
						<value.second>
							<Expanded>0</Expanded>
						</value.second>
					</Child>
					<Child>
						<value.first>轴控制设定</value.first>
						<value.second>
							<Expanded>0</Expanded>
						</value.second>
					</Child>
					<Child>
						<value.first>轴构成设定</value.first>
						<value.second>
							<Expanded>0</Expanded>
						</value.second>
					</Child>
					<Child>
						<value.first>选项设定</value.first>
						<value.second>
							<Expanded>0</Expanded>
						</value.second>
					</Child>
				</value.second>
			</Child>
			<Child>
				<value.first>[4]  KV-SH04PL   R50000  DM15000</value.first>
				<value.second>
					<Expanded>0</Expanded>
					<Child>
						<value.first>单元通用设定</value.first>
						<value.second>
							<Expanded>0</Expanded>
						</value.second>
					</Child>
					<Child>
						<value.first>点参数</value.first>
						<value.second>
							<Expanded>0</Expanded>
						</value.second>
					</Child>
					<Child>
						<value.first>轴控制设定</value.first>
						<value.second>
							<Expanded>0</Expanded>
						</value.second>
					</Child>
				</value.second>
			</Child>
			<Child>
				<value.first>[5]  KV-ML16V    R60000  DM16000 [预留]</value.first>
				<value.second>
					<Expanded>0</Expanded>
				</value.second>
			</Child>
			<Child>
				<value.first>[6]  KV-MC40V    R80000  DM18000 [预留]</value.first>
				<value.second>
					<Expanded>0</Expanded>
				</value.second>
			</Child>
			<Child>
				<value.first>切换单元配置</value.first>
				<value.second>
					<Expanded>0</Expanded>
				</value.second>
			</Child>
		</value.second>
	</Child>
</Root>
